{"initial_reset_timestamp": 1649928018.436627, "timestamps": [1649928029.8662882, 1649928039.787276, 1649928047.568195, 1649928055.9443781, 1649928064.271855, 1649928072.900982, 1649928080.736886, 1649928089.273257, 1649928099.617577, 1649928108.110749, 1649928116.506252, 1649928124.697788, 1649928133.04422, 1649928141.26078, 1649928149.7033658, 1649928157.95049, 1649928166.1671638, 1649928174.5954392, 1649928182.782699, 1649928190.966013, 1649928199.030357, 1649928206.905171, 1649928214.275716, 1649928223.97597, 1649928232.63242, 1649928241.608473, 1649928250.999323, 1649928261.94109, 1649928270.7234051, 1649928280.329626, 1649928288.6675541, 1649928297.573784, 1649928305.793695, 1649928314.367305, 1649928322.539744, 1649928330.5005682, 1649928338.687405, 1649928347.076019, 1649928355.656839, 1649928364.53695, 1649928373.20928, 1649928381.744288, 1649928390.060103, 1649928398.3834682, 1649928406.679042, 1649928414.9677958, 1649928423.344932, 1649928432.510386, 1649928440.32669, 1649928448.558862, 1649928456.28946, 1649928464.0260239, 1649928471.726312, 1649928479.4927201, 1649928487.230934, 1649928494.9741619, 1649928502.745901, 1649928510.5886688, 1649928518.152243, 1649928525.978527, 1649928533.7307572, 1649928541.509182, 1649928549.358407, 1649928557.1433432, 1649928566.4774458, 1649928574.290647, 1649928581.8017018, 1649928589.729923, 1649928598.756793, 1649928608.513272, 1649928617.4147918, 1649928625.43133, 1649928633.2576, 1649928641.240345, 1649928649.2038999, 1649928657.1664908, 1649928665.193385, 1649928673.181967, 1649928681.158133, 1649928689.0578282, 1649928697.009133, 1649928705.1249511, 1649928712.988062, 1649928721.022825, 1649928728.973408, 1649928737.020239, 1649928745.012077, 1649928753.006128, 1649928760.95121, 1649928768.951266], "episode_lengths": [4406, 4438, 4457, 4404, 4414, 4430, 4441, 4395, 4461, 4485, 4415, 4467, 4452, 4423, 4463, 4410, 4442, 4435, 4439, 4438, 4442, 4434, 4427, 4431, 4464, 4436, 4456, 4412, 4446, 4467, 4448, 4423, 4453, 4429, 4449, 4425, 4450, 4435, 4419, 4460, 4462, 4422, 4431, 4446, 4444, 4438, 4473, 4444, 4443, 4442, 4419, 4448, 4449, 4413, 4442, 4392, 4411, 4451, 4424, 4449, 4448, 4416, 4447, 4420, 4432, 4408, 4433, 4442, 4458, 4423, 4450, 4417, 4432, 4430, 4417, 4448, 4448, 4427, 4441, 4431, 4433, 4458, 4456, 4465, 4429, 4464, 4430, 4439, 4414, 4422], "episode_rewards": [0.0, 0.0, 0.0, 0.0, 0.0, 0.0, 0.0, 0.0, 0.0, 0.0, 0.0, 0.0, 0.0, 0.0, 0.0, 0.0, 0.0, 0.0, 0.0, 0.0, 0.0, 0.0, 0.0, 0.0, 0.0, 0.0, 0.0, 0.0, 0.0, 0.0, 0.0, 0.0, 0.0, 0.0, 0.0, 0.0, 0.0, 0.0, 0.0, 0.0, 0.0, 0.0, 0.0, 0.0, 0.0, 0.0, 0.0, 0.0, 0.0, 3.0, 0.0, 0.0, 0.0, 0.0, 0.0, 0.0, 0.0, 0.0, 0.0, 0.0, 0.0, 0.0, 0.0, 0.0, 0.0, 0.0, 0.0, 0.0, 0.0, 0.0, 0.0, 0.0, 1.0, 0.0, 0.0, 0.0, 0.0, 0.0, 0.0, 0.0, 0.0, 0.0, 0.0, 5.0, 1.0, 0.0, 0.0, 0.0, 0.0, 0.0], "episode_types": ["t", "t", "t", "t", "t", "t", "t", "t", "t", "t", "t", "t", "t", "t", "t", "t", "t", "t", "t", "t", "t", "t", "t", "t", "t", "t", "t", "t", "t", "t", "t", "t", "t", "t", "t", "t", "t", "t", "t", "t", "t", "t", "t", "t", "t", "t", "t", "t", "t", "t", "t", "t", "t", "t", "t", "t", "t", "t", "t", "t", "t", "t", "t", "t", "t", "t", "t", "t", "t", "t", "t", "t", "t", "t", "t", "t", "t", "t", "t", "t", "t", "t", "t", "t", "t", "t", "t", "t", "t", "t", "t"]}